"NGÀY","CỘNG ĐỒNG","TỔNG CỘNG ĐỒNG","blockade","community","imported","new_deaths","new_recovered","new_cases","total_cases","total_deaths","total_recovered_12","QUỸ VACCINE (tỷ VNĐ)","SỐ TIỀN QUỸ THEO NGÀY","BẮC","TRUNG","NAM","TỔNG BẮC","TỔNG TRUNG","TỔNG NAM","new_active","total_active","total_cases_2020","total_deaths_2020","total_recovered_2020_25","deaths_per_cases","deaths_1m_pop","cases_1m_pop","ma7_local_cases","ma7_recovered","ma7_deaths","city_by_day","mt7_local_cases","mt7_recovered","mt7_deaths","diff_mt7_local_cases (35)","diff_mt7_recovered","diff_mt7_deaths","per_mt7_local_cases","per_mt7_recovered","per_mt7_deaths","vaccine_doses_41","vaccine_dose_per_pop","total_cities","","day_full","TRUNG BÌNH NHIỄM / 1 TRIỆU NGƯỜI","TRUNG BÌNH TỬ VONG / 1 TRIỆU NGƯỜI","DÂN SỐ VIỆT NAM","new_cases_am","new_cases_pm","ICU_52","ECMO","new_people_vaccined_53","percent_people_fully_vaccined_54","percent_people_only_partly_vaccined_55","percent_people_vaccined_56","Bệnh nhân nặng đang điều trị 58","Thở ô xy qua mặt nạ","Thở ô xy dòng cao HFNC","Thở máy không xâm lấn","Thở máy xâm lấn","Check","Trung bình ca nặng 64"
"27/4","1","1","","","4","0","0","5","5","0","0","","","1","0","0","1","0","0","5","303","2854","35","2516","1,23%","0,4","30","","","","1","","","","","","","","","","318792","0,33%","1","","2021/4/27","25802","547","96484000","","","","","","0,0%","0,3%","0,3%","","","","","","",""
"28/4","0","1","","","8","0","0","8","13","0","0","","","0","0","0","1","0","0","8","311","2862","35","2516","1,22%","0,4","30","","","","0","","","","","","","","","","425638","0,44%","1","","2021/4/28","","","","","","","","","0,0%","0,4%","0,4%","","","","","","",""
"29/4","6","7","","","39","0","0","45","58","0","0","","","5","0","1","6","0","1","45","356","2907","35","2516","1,20%","0,4","30","","","","2","","","","","","","","","","506435","0,52%","3","","2021/4/29","","","","","","","","","0,0%","0,5%","0,5%","","","","","","",""
"30/4","7","14","","","11","0","0","18","76","0","0","","","7","0","0","13","0","1","18","374","2925","35","2516","1,20%","0,4","30","","","","3","","","","","","","","","","519262","0,54%","5","","2021/4/30","","","","","","","","","0,0%","0,5%","0,5%","","","","","","",""
"1/5","3","17","","","11","0","32","14","90","0","32","","","3","0","0","16","0","1","-18","356","2939","35","2548","1,19%","0,4","30","","","","1","","","","","","","","","","519262","0,54%","5","","2021/5/1","","","","","","","","","0,0%","0,5%","0,5%","","","","","","",""
"2/5","8","25","","","12","0","1","20","110","0","33","","","8","0","0","24","0","1","19","375","2959","35","2549","1,18%","0,4","31","","","","2","","","","","","","","","","519262","0,54%","6","","2021/5/2","","","","","","","","","0,0%","0,5%","0,5%","","","","","","",""
"3/5","10","35","","","9","0","11","19","129","0","44","","","10","0","0","34","0","1","8","383","2978","35","2560","1,18%","0,4","31","5","6","0","2","129","44","0","","","","","","","519262","0,54%","6","","2021/5/3","","","","","","","","","0,0%","0,5%","0,5%","","","","","","",""
"4/5","3","38","","","12","0","0","15","144","0","44","","","1","2","0","35","2","1","15","398","2993","35","2560","1,17%","0,4","31","5","6","0","2","139","44","0","","","","","","","519262","0,54%","7","","2021/5/4","","","","","","","","","0,0%","0,5%","0,5%","","","","","","",""
"5/5","18","56","","","8","0","0","26","170","0","44","","","16","1","1","51","3","2","26","424","3019","35","2560","1,16%","0,4","31","8","6","0","4","157","44","0","","","","","","","519262","0,54%","10","","2021/5/5","","","","","","","","","0,0%","0,5%","0,5%","","","","","","",""
"6/5","64","120","","","4","0","0","68","238","0","44","","","60","4","0","111","7","2","68","492","3087","35","2560","1,13%","0,4","32","16","6","0","9","180","44","0","","","","","","","519262","0,54%","14","","2021/5/6","","","","","","","","","0,0%","0,5%","0,5%","","","","","","",""
"7/5","41","161","","","6","0","0","47","285","0","44","","","33","8","0","144","15","2","47","539","3134","35","2560","1,12%","0,4","32","21","6","0","11","209","44","0","","","","","","","519262","0,54%","19","","2021/5/7","","","","","","","","","0,0%","0,5%","0,5%","","","","","","",""
"8/5","80","241","","","13","0","42","93","378","0","86","","","70","10","0","214","25","2","51","590","3227","35","2602","1,08%","0,4","33","32","8","0","13","288","54","0","","","","","","","519262","0,54%","23","","2021/5/8","","","","","","","","","0,0%","0,5%","0,5%","","","","","","",""
"9/5","92","333","","","10","0","0","102","480","0","86","","","70","22","0","284","47","2","102","692","3329","35","2602","1,05%","0,4","35","44","8","0","12","370","53","0","","","","","","","519262","0,54%","26","","2021/5/9","","","","","","","","","0,0%","0,5%","0,5%","","","","","","",""
"10/5","125","458","124","1","4","0","0","129","609","0","86","","","105","20","0","389","67","2","129","821","3458","35","2602","1,01%","0,4","36","60","6","0","11","480","42","0","351","-2","0","272%","-5%","","892454","0,92%","26","","2021/5/10","","","","","","","","","0,0%","0,9%","0,9%","","","","","","",""
"11/5","71","529","70","1","5","0","16","76","685","0","102","","","68","3","0","457","70","2","60","881","3534","35","2618","0,99%","0,4","37","70","8","0","9","541","58","0","402","14","0","289%","32%","","892454","0,92%","26","","2021/5/11","","","","","","","","","0,0%","0,9%","0,9%","","","","","","",""
"12/5","82","611","82","0","4","0","18","86","771","0","120","","","55","27","0","512","97","2","68","949","3620","35","2636","0,97%","0,4","38","79","11","0","11","601","76","0","444","32","0","283%","73%","","942030","0,98%","26","","2021/5/12","","","","","","","","","0,0%","1,0%","1,0%","","","","","","",""
"13/5","73","684","72","1","14","0","21","87","858","0","141","","","40","33","0","552","130","2","66","1015","3707","35","2657","0,94%","0,4","38","81","14","0","10","620","97","0","440","53","0","244%","120%","","959182","0,99%","26","","2021/5/13","","","","","","","","","0,0%","1,0%","1,0%","","","","","","",""
"14/5","104","788","104","0","2","0","0","106","964","0","141","","","100","4","0","652","134","2","106","1121","3813","35","2657","0,92%","0,4","40","90","14","0","9","679","97","0","470","53","0","225%","120%","","969697","1,01%","26","","2021/5/14","","","","","","","","","0,0%","1,0%","1,0%","","","","","","",""
"15/5","165","953","165","0","4","1","11","169","1133","1","152","","","154","11","0","806","145","2","157","1278","3982","36","2668","0,90%","0,4","41","102","9","0","11","755","66","1","467","12","1","162%","22%","","977032","1,01%","26","","2021/5/15","","","","","","","","","0,0%","1,0%","1,0%","","","","","","",""
"16/5","187","1140","185","2","3","0","0","190","1323","1","152","","","163","24","0","969","169","2","190","1468","4172","36","2668","0,86%","0,4","43","115","9","0","9","843","66","1","473","13","1","128%","25%","","979238","1,01%","26","","2021/5/16","","","","","","","","","0,0%","1,0%","1,0%","","","","","","",""
"17/5","181","1321","181","0","3","1","0","184","1507","2","152","","","167","14","0","1136","183","2","183","1651","4356","37","2668","0,85%","0,4","45","123","9","0","11","898","66","2","418","24","2","87%","57%","","979238","1,01%","27","","2021/5/17","","","","","","","","","0,0%","1,0%","1,0%","","","","","","",""
"18/5","152","1473","151","1","1","0","19","153","1660","2","171","","","143","9","0","1279","192","2","134","1785","4509","37","2687","0,82%","0,4","47","135","10","0","11","975","69","2","434","11","2","80%","19%","","1011395","1,05%","28","","2021/5/18","","","","","","","","","0,0%","1,0%","1,0%","","","","","","",""
"19/5","175","1648","172","3","3","0","0","178","1838","2","171","","","164","9","2","1443","201","4","178","1963","4687","37","2687","0,79%","0,4","49","148","7","0","10","1067","51","2","466","-25","2","78%","-33%","","1011395","1,05%","28","","2021/5/19","","","","","","","","","0,0%","1,0%","1,0%","","","","","","",""
"20/5","114","1762","109","5","5","2","0","119","1957","4","171","","","105","6","3","1548","207","7","117","2080","4806","39","2687","0,81%","0,4","50","154","4","1","12","1099","30","4","479","-67","4","77%","-69%","","1011395","1,05%","30","","2021/5/20","","","","","","","","","0,0%","1,0%","1,0%","","","","","","",""
"21/5","131","1893","130","1","1","2","2","132","2089","6","173","","","122","9","0","1670","216","7","128","2208","4938","41","2689","0,83%","0,4","51","158","5","1","8","1125","32","6","446","-65","6","66%","-67%","","1011395","1,05%","30","","2021/5/21","","","","","","","","","0,0%","1,0%","1,0%","","","","","","",""
"22/5","143","2036","142","1","2","0","32","145","2234","6","205","","","137","6","0","1807","222","7","113","2321","5083","41","2721","0,81%","0,4","53","155","8","1","11","1101","53","5","346","-13","4","46%","-20%","400%","1027659","1,07%","30","","2021/5/22","","","","","","","","","0,0%","1,0%","1,0%","","","","","","",""
"23/5","129","2165","127","2","2","1","0","131","2365","7","205","","","128","1","0","1935","223","7","130","2451","5214","42","2721","0,81%","0,4","54","146","8","1","6","1042","53","6","199","-13","5","24%","-20%","500%","1027659","1,07%","30","","2021/5/23","","","","","","","","","0,0%","1,0%","1,0%","","","","","","",""
"24/5","184","2349","183","1","3","2","73","187","2552","9","278","","","180","3","1","2115","226","8","112","2563","5401","44","2794","0,81%","0,5","56","147","18","1","8","1045","126","7","147","60","5","16%","91%","250%","1027659","1,07%","30","","2021/5/24","","","","","","","","","0,0%","1,0%","1,0%","","","","","","",""
"25/5","444","2793","444","0","3","0","0","447","2999","9","278","","","440","3","1","2555","229","9","447","3010","5848","44","2794","0,75%","0,5","61","189","15","1","9","1339","107","7","364","38","5","37%","55%","250%","1027659","1,07%","30","","2021/5/25","","","","","","","","","0,0%","1,0%","1,0%","","","","","","",""
"26/5","235","3028","235","0","0","1","59","235","3234","10","337","","","233","2","0","2788","231","9","175","3185","6083","45","2853","0,74%","0,5","63","197","24","1","7","1396","166","8","329","115","6","31%","225%","300%","1034867","1,07%","30","","2021/5/26","","","","","","","","","0,0%","1,0%","1,0%","","","","","","",""
"27/5","227","3255","227","0","3","1","0","230","3464","11","337","","","189","2","36","2977","233","45","229","3414","6313","46","2853","0,73%","0,5","65","213","24","1","8","1507","166","7","408","136","3","37%","453%","75%","1034867","1,07%","30","","2021/5/27","","","","","","","","4129","0,0%","1,0%","1,0%","","","","","","",""
"28/5","253","3508","248","5","1","1","43","254","3718","12","380","","","227","0","26","3204","233","71","210","3624","6567","47","2896","0,72%","0,5","68","231","30","1","10","1629","207","6","504","175","0","45%","547%","0%","1034867","1,07%","31","","2021/5/28","","","","","","","","","0,0%","1,0%","1,0%","","","","","","",""
"29/5","277","3785","274","3","9","0","0","286","4004","12","380","","","243","2","32","3447","235","103","286","3910","6853","47","2896","0,69%","0,5","71","250","25","1","12","1770","175","6","669","122","1","61%","230%","20%","1034867","1,07%","34","","2021/5/29","","","","","","","","91228","0,0%","1,0%","1,0%","","","","","","",""
"30/5","250","4035","250","0","1","0","54","251","4255","12","434","","","189","1","60","3636","236","163","197","4107","7104","47","2950","0,66%","0,5","74","267","33","1","8","1890","229","5","848","176","-1","81%","332%","-17%","1034867","1,07%","34","","2021/5/30","","","","","","","","3791","0,0%","1,0%","1,0%","","","","","","",""
"31/5","211","4246","211","0","3","0","80","214","4469","12","514","","","203","2","6","3839","238","169","134","4241","7318","47","3030","0,64%","0,5","76","271","34","0","9","1917","236","3","872","110","-4","83%","87%","-57%","1102099","1,14%","36","","2021/5/31","","","","","","","","16317","0,0%","1,1%","1,1%","","","","","","",""
"1/6","250","4496","248","2","1","1","13","251","4720","13","527","","","175","0","75","4014","238","244","237","4478","7569","48","3043","0,63%","0,5","78","243","36","1","10","1721","249","4","382","142","-3","29%","133%","-43%","1102099","1,14%","37","","2021/6/1","","","","","","","","29773","0,0%","1,1%","1,1%","","","","","","",""
"2/6","229","4725","225","4","12","1","42","241","4961","14","569","","","197","1","31","4211","239","275","198","4676","7810","49","3085","0,63%","0,5","81","242","33","1","6","1727","232","4","331","66","-4","24%","40%","-50%","1110111","1,15%","37","","2021/6/2","","","","","","","","11733","0,0%","1,1%","1,1%","","","","","","",""
"3/6","231","4956","228","3","19","0","0","250","5211","14","569","","","199","0","32","4410","239","307","250","4926","8060","49","3085","0,61%","0,5","84","243","33","0","7","1747","232","3","240","66","-4","16%","40%","-57%","1156056","1,20%","37","","2021/6/3","","","","","","","","45571","0,0%","1,1%","1,2%","","","","","","",""
"4/6","219","5175","212","7","5","2","157","224","5435","16","726","","","193","0","26","4603","239","333","65","4991","8284","51","3242","0,62%","0,5","86","238","49","1","5","1717","346","4","88","139","-2","5%","67%","-33%","1217607","1,26%","37","","2021/6/4","","","","","","","","60701","0,0%","1,2%","1,2%","","","","","","",""
"5/6","246","5421","245","1","8","2","68","254","5689","18","794","","","210","2","34","4813","241","367","184","5175","8538","53","3310","0,62%","0,5","88","234","59","1","10","1685","414","6","-85","239","0","-5%","137%","0%","1243304","1,29%","39","","2021/6/5","","","","","","","","24466","0,0%","1,2%","1,3%","","","","","","",""
"6/6","201","5622","198","3","5","0","58","206","5895","18","852","","","163","5","33","4976","246","400","148","5323","8744","53","3368","0,61%","0,5","91","227","60","1","6","1640","418","6","-250","189","1","-13%","83%","20%","1248559","1,29%","39","","2021/6/6","","","","","","","","5244","0,0%","1,2%","1,3%","","","","","","",""
"7/6","211","5833","200","11","25","0","141","236","6131","18","993","","","162","2","47","5138","248","447","95","5418","8980","53","3509","0,59%","0,5","93","227","68","1","8","1662","479","6","-255","243","3","-13%","103%","100%","1340098","1,39%","39","","2021/6/7","","","","","","","","87016","0,0%","1,3%","1,3%","","","","","","",""
"8/6","171","6004","165","6","4","2","40","175","6306","20","1033","4176","","131","1","39","5269","249","486","133","5551","9155","55","3549","0,60%","0,6","95","215","72","1","6","1586","506","7","-135","257","3","-8%","103%","75%","1354856","1,40%","39","","2021/6/8","","","","","","","","10119","0,0%","1,3%","1,4%","","","","","","",""
"9/6","381","6385","370","11","26","0","87","407","6713","20","1120","4215","39","338","3","40","5607","252","526","320","5871","9562","55","3636","0,58%","0,6","99","237","79","1","6","1752","551","6","25","319","2","1%","138%","50%","1389887","1,44%","39","","2021/6/9","","","","","","","","29967","0,0%","1,3%","1,4%","","","","","","",""
"10/6","211","6596","188","23","8","0","72","219","6932","20","1192","4255","40","142","5","64","5749","257","590","147","6018","9781","55","3708","0,56%","0,6","101","234","89","1","9","1721","623","6","-26","391","3","-1%","169%","100%","1411548","1,46%","39","","2021/6/10","","","","","","","","18817","0,1%","1,4%","1,4%","","","","","","",""
"11/6","185","6781","168","17","11","2","96","196","7128","22","1288","4443","188","129","8","48","5878","265","638","98","6116","9977","57","3804","0,57%","0,6","103","229","80","1","5","1693","562","6","-24","216","2","-1%","62%","50%","1445723","1,50%","39","","2021/6/11","","","","","","","","31071","0,1%","1,4%","1,4%","","","","","","",""
"12/6","259","7040","246","13","2","1","23","261","7389","23","1311","4845","402","160","5","94","6038","270","732","237","6353","10238","58","3827","0,57%","0,6","106","231","74","1","6","1700","517","5","15","103","-1","1%","25%","-17%","1454221","1,51%","39","","2021/6/12","","","","","","","","7240","0,1%","1,4%","1,5%","","","","","","",""
"13/6","293","7333","254","39","4","1","171","297","7686","24","1482","4851","6","188","9","96","6226","279","828","125","6478","10535","59","3998","0,56%","0,6","109","244","90","1","8","1791","630","6","151","212","0","9%","51%","0%","1498323","1,55%","39","","2021/6/13","","","","","","","","43222","0,1%","1,4%","1,5%","","","","","","",""
"14/6","266","7599","236","30","6","2","238","272","7958","26","1720","5080","229","143","23","100","6369","302","928","32","6510","10807","59","4236","0,55%","0,6","112","252","104","1","9","1827","727","8","165","248","2","10%","52%","33%","1552651","1,61%","40","","2021/6/14","","","","","","","","54328","0,1%","1,5%","1,5%","","","","","","",""
"15/6","398","7997","204","194","4","0","303","402","8360","26","2023","5126","46","293","3","102","6662","305","1030","99","6609","11209","61","4539","0,54%","0,6","116","285","141","1","7","2054","990","6","468","484","-1","30%","96%","-14%","1648072","1,71%","40","","2021/6/15","","","","","","","","95421","0,1%","1,6%","1,6%","","","","","","",""
"16/6","414","8411","398","16","9","0","47","423","8783","26","2070","5543","417","308","7","99","6970","312","1129","376","6985","11632","61","4586","0,52%","0,6","121","289","136","1","7","2070","950","6","318","399","0","18%","72%","0%","1773297","1,84%","40","","2021/6/16","","","","","","","","125225","0,1%","1,7%","1,8%","","","","","","",""
"17/6","503","8914","495","8","12","0","63","515","9298","26","2133","5698","155","341","5","157","7311","317","1286","452","7437","12147","61","4649","0,50%","0,6","126","331","134","1","8","2366","941","6","645","318","0","37%","51%","0%","1991059","2,06%","40","","2021/6/17","","","","","","","","200263","0,1%","1,9%","2,0%","","","","","","",""
"18/6","259","9173","232","27","5","1","80","264","9562","27","2213","5772","74","95","3","161","7406","320","1447","183","7620","12411","62","4729","0,50%","0,6","129","342","132","1","7","2434","925","5","741","363","-1","44%","65%","-17%","2233208","2,31%","41","","2021/6/18","","","","","","","","249915","0,1%","2,1%","2,2%","","","","","","",""
"19/6","471","9644","258","213","15","2","321","486","10048","29","2534","5775","3","270","25","176","7676","345","1623","163","7783","12897","64","5050","0,50%","0,7","134","372","175","1","15","2659","1223","6","959","706","1","56%","137%","20%","2359376","2,45%","41","","2021/6/19","","","","","","","","0","0,1%","2,2%","2,3%","","","","","","",""
"20/6","300","9944","281","19","11","2","175","311","10359","31","2709","5777","2","115","34","151","7791","379","1774","134","7917","13208","66","5225","0,50%","0,7","137","373","175","1","9","2673","1227","7","882","597","1","49%","95%","17%","2422643","2,51%","42","","2021/6/20","","","","","","","","60955","0,1%","2,3%","2,4%","","","","","","",""
"21/6","267","10211","258","9","5","3","224","272","10631","34","2933","5972","195","66","11","190","7857","390","1964","45","7962","13480","69","5449","0,51%","0,7","140","373","173","1","10","2673","1213","8","846","486","0","46%","67%","0%","2422643","2,51%","42","","2021/6/21","","","","","","","","0","0,1%","2,3%","2,4%","","","","","","",""
"22/6","230","10441","217","13","14","0","93","244","10875","34","3026","6882","910","44","9","177","7901","399","2141","151","8113","13724","69","5542","0,50%","0,7","142","349","143","1","14","2515","1003","8","461","13","2","22%","1%","33%","2569156","2,66%","43","","2021/6/22","","","","","","","","107772","0,1%","2,4%","2,5%","","","","","","",""
"23/6","217","10658","196","21","3","1","138","220","11095","35","3164","7450","568","22","13","182","7923","412","2323","81","8194","13944","70","5680","0,50%","0,7","145","321","156","1","11","2312","1094","9","242","144","3","12%","15%","50%","2626337","2,72%","44","","2021/6/23","","","","","","","","100374","0,1%","2,4%","2,6%","","","","","","",""
"24/6","279","10937","260","19","6","2","75","285","11380","37","3239","7523","73","43","34","202","7966","446","2525","208","8402","14229","72","5755","0,51%","0,7","147","289","158","2","14","2082","1106","11","-284","165","5","-12%","18%","83%","2920248","3,03%","46","","2021/6/24","","","","","","","","215100","0,1%","2,7%","2,9%","","","","","","",""
"25/6","845","11782","814","31","23","2","190","868","12248","39","3429","7523","0","38","21","786","8004","467","3311","676","9078","15097","74","5945","0,49%","0,8","156","373","174","2","18","2686","1216","12","252","291","7","10%","31%","140%","3087580","3,20%","47","","2021/6/25","","","","","","","","167646","0,2%","2,9%","3,0%","","","","","","",""
"26/6","164","11946","131","33","11","0","188","175","12423","39","3617","7713","190","37","43","84","8041","510","3395","-13","9065","15272","74","6133","0,48%","0,8","158","329","155","1","18","2375","1083","10","-284","-140","4","-11%","-11%","67%","3299232","3,42%","48","","2021/6/26","","","","","","","","211729","0,2%","3,1%","3,3%","","","","","","",""
"27/6","359","12305","284","30","9","2","182","368","12791","41","3799","7716","3","42","29","243","8083","539","3638","184","9249","15595","76","6315","0,49%","0,8","162","337","156","1","11","2432","1090","10","-241","-137","3","-9%","-11%","43%","3386607","3,51%","48","","2021/6/27","","","","","","","","87375","0,2%","3,2%","3,3%","","","","","","",""
"28/6","389","12694","340","42","9","0","200","398","13189","41","3999","7807","91","50","56","276","8133","595","3914","198","9447","15986","76","6515","0,48%","0,8","166","355","152","1","19","2558","1066","7","-115","-147","-1","-4%","-12%","-13%","3497104","3,62%","48","","2021/6/28","","","","","","","","112344","0,2%","3,3%","3,4%","","","","","","",""
"29/6","361","13055","308","53","11","4","245","372","13561","45","4244","7810","3","51","68","242","8184","663","4156","123","9570","16358","80","6760","0,49%","0,8","170","373","174","2","19","2686","1218","11","171","215","3","7%","21%","38%","3593970","3,72%","49","","2021/6/29","","","","","","","","91228","0,2%","3,3%","3,5%","","","","","","",""
"30/6","441","13496","420","21","9","1","76","450","14011","46","4320","7957","147","32","51","358","8216","714","4514","373","9943","16808","81","6836","0,48%","0,8","174","405","165","2","17","2916","1156","11","604","62","2","26%","6%","22%","3776980","3,91%","50","","2021/6/30","","","","","","","","179188","0,2%","3,5%","3,7%","","","","","","",""
"1/7","693","14189","584","109","20","0","407","713","14724","46","4727","7986","29","19","46","628","8235","760","5142","306","10249","17521","81","7243","0,46%","0,8","182","465","213","1","16","3344","1488","9","1262","382","-2","61%","35%","-18%","3813767","3,95%","51","","2021/7/1","","","","","","","","39537","0,2%","3,5%","3,7%","","","","","","",""
"2/7","527","14716","428","99","18","3","148","545","15269","49","4875","8038","52","8","59","460","8243","819","5602","394","10643","18066","84","7391","0,46%","0,9","187","419","207","1","21","3021","1446","10","335","230","-2","12%","19%","-17%","3842646","3,98%","52","","2021/7/2","","","","","","","","27843","0,2%","3,5%","3,8%","","","","","","",""
"3/7","914","15630","792","122","8","0","248","922","16191","49","5123","8041","3","12","78","824","8255","897","6426","674","11317","18988","84","7639","0,44%","0,9","197","526","215","1","21","3768","1506","10","1393","423","0","59%","39%","0%","3867407","4,01%","52","","2021/7/3","","","","","","","","17979","0,2%","3,6%","3,8%","","","","","","",""
"4/7","876","16506","824","52","14","2","176","890","17081","51","5299","8043","2","8","61","807","8263","958","7233","712","12029","19878","86","7815","0,43%","0,9","206","600","214","1","23","4290","1500","10","1858","410","0","76%","38%","0%","3890855","4,03%","54","","2021/7/4","","","","","","","","24325","0,2%","3,6%","3,8%","","","","","","",""
"5/7","1089","17595","974","115","13","4","203","1102","18183","55","5502","8046","3","21","69","999","8284","1027","8232","895","12924","20980","90","8018","0,43%","0,9","217","700","215","2","23","4994","1503","14","2436","437","7","95%","41%","100%","3903105","4,05%","55","","2021/7/5","","","","","","","","13988","0,2%","3,6%","3,8%","","","","","","",""
"6/7","1019","18614","872","147","10","7","55","1029","19212","62","5557","8054","8","30","48","941","8314","1075","9173","967","13891","22009","97","8073","0,44%","1,0","228","794","188","2","17","5651","1313","17","2965","95","6","110%","8%","55%","3928001","4,07%","55","","2021/7/6","","","","","","","","21067","0,2%","3,6%","3,8%","","","","","","",""
"7/7","997","19611","968","29","10","5","480","1007","20219","67","6037","8058","4","24","73","900","8338","1148","10073","522","14413","23016","102","8553","0,44%","1,1","239","874","245","3","22","6208","1717","21","3292","561","10","113%","49%","91%","3960956","4,11%","56","","2021/7/7","","","","","","","","33739","0,3%","3,6%","3,9%","","","","","","",""
"8/7","1307","20918","1226","81","7","3","393","1314","21533","70","6430","8076","18","24","75","1208","8362","1223","11281","918","15331","24330","105","8946","0,43%","1,1","252","961","243","3","25","6809","1703","24","3465","215","15","104%","14%","167%","3983800","4,13%","57","","2021/7/8","","","","","","","","22647","0,3%","3,6%","3,9%","","","","","","",""
"9/7","1616","22534","1359","257","9","5","34","1625","23158","75","6464","8077","1","37","70","1509","8399","1293","12790","1586","16917","25955","110","8980","0,42%","1,1","269","1117","227","4","28","7889","1589","26","4868","143","16","161%","10%","160%","4010786","4,16%","58","","2021/7/9","","","","","","","","35914","0,3%","3,6%","3,9%","","","","","","",""
"10/7","1844","24378","1495","349","9","2","220","1853","25011","77","6684","8079","2","24","82","1738","8423","1375","14528","1631","18548","27808","112","9200","0,40%","1,2","288","1250","223","4","31","8820","1561","28","5052","55","18","134%","4%","180%","4040783","4,19%","58","","2021/7/10","","","","","","","","30269","0,3%","3,6%","3,9%","","","","","","",""
"11/7","1945","26323","1361","584","8","7","71","1953","26964","84","6755","8080","1","34","59","1852","8457","1434","16380","1875","20423","29761","119","9271","0,40%","1,2","308","1402","208","5","32","9883","1456","33","5593","-44","23","130%","-3%","230%","4051585","4,20%","58","","2021/7/11","","","","","","","","12734","0,3%","3,6%","3,9%","","","","","","",""
"12/7","2367","28690","1996","371","16","6","56","2383","29347","90","6811","8082","2","50","114","2203","8507","1548","18583","2321","22744","32144","125","9327","0,39%","1,3","333","1585","187","5","27","11164","1309","35","6170","-194","21","124%","-13%","150%","4063872","4,21%","58","","2021/7/12","","","","","","","","15901","0,3%","3,6%","3,9%","","","","","","",""
"13/7","2296","30986","2095","201","5","7","222","2301","31648","97","7033","8090","8","22","36","2238","8529","1584","20821","2072","24816","34445","132","9553","0,38%","1,4","357","1767","211","5","26","12436","1476","35","6785","163","18","120%","12%","106%","4079066","4,23%","58","","2021/7/13","","","","","","","","20551","0,3%","3,6%","3,9%","","","","","","",""
"14/7","2924","33910","2509","415","10","6","71","2934","34582","103","7104","8113","23","14","118","2792","8543","1702","23613","2857","27673","37379","138","9624","0,37%","1,4","387","2043","152","5","33","14363","1067","36","8155","-650","15","131%","-38%","71%","4146767","4,30%","58","","2021/7/14","","","","","","","","25377","0,3%","3,7%","4,0%","","","","","","",""
"15/7","3379","37289","3099","280","37","69","64","3416","37998","172","7168","8133","20","45","145","3189","8588","1847","26802","3283","30956","40795","207","9688","0,51%","2,1","423","2339","105","15","29","16465","738","102","9656","-965","78","142%","-57%","325%","4185623","4,34%","58","","2021/7/15","","","","","","","","21815","0,3%","3,7%","4,0%","","","","","","",""
"16/7","3321","40610","2939","382","15","18","332","3336","41334","190","7500","8159","26","33","177","3111","8621","2024","29913","2986","33942","44131","225","10020","0,51%","2,3","457","2582","148","16","33","18176","1036","115","10287","-553","89","130%","-35%","342%","4233896","4,39%","58","","2021/7/16","","","","","","","","41817","0,3%","3,8%","4,1%","","","","","","",""
"17/7","3705","44315","2959","746","12","0","292","3717","45051","190","7792","8159","0","43","187","3475","8664","2211","33388","3425","37367","47848","225","10312","0,47%","2,3","496","2848","158","16","31","20040","1108","113","11220","-453","85","127%","-29%","304%","4261252","4,42%","58","","2021/7/17","","","","","","","","27356","0,3%","3,8%","4,1%","","","","","","",""
"18/7","5887","50202","4960","927","39","29","355","5926","50977","219","8147","8159","0","64","221","5602","8728","2432","38990","5542","42909","53774","254","10667","0,47%","2,6","557","3411","199","19","33","24013","1392","135","14130","-64","102","143%","-4%","309%","4283906","4,44%","58","","2021/7/18","","","","","","","","22654","0,3%","3,8%","4,1%","","","","","","",""
"19/7","4175","54377","3678","497","20","80","380","4195","55172","299","8527","8182","23","59","130","3986","8787","2562","42976","3735","46644","57969","334","11047","0,58%","3,5","601","3670","245","30","32","25825","1716","209","14661","407","174","131%","31%","497%","4305501","4,46%","58","","2021/7/19","","","","","","118","18","21595","0,3%","3,8%","4,1%","","","","","","",""
"20/7","4789","59166","4061","728","6","0","396","4795","59967","299","8923","8185","3","64","222","4503","8851","2784","47479","4399","51043","62764","334","11443","0,53%","3,5","651","4026","270","29","35","28319","1890","202","15883","414","167","128%","28%","477%","4336833","4,49%","59","","2021/7/20","","","","","","123","18","26355","0,3%","3,8%","4,2%","","","","","","",""
"21/7","5343","64509","4262","1081","14","36","528","5357","65324","335","9451","8220","35","76","140","5127","8927","2924","52606","4793","55836","68121","370","11971","0,54%","3,8","706","4371","335","33","35","30742","2347","232","16379","1280","196","114%","120%","544%","4367939","4,53%","60","","2021/7/21","","","","","","123","18","31220","0,3%","3,9%","4,2%","","","","","","",""
"22/7","6164","70673","5164","1000","30","0","1450","6194","71518","335","10901","8225","5","67","102","5995","8994","3026","58601","4744","60580","74315","370","13421","0,50%","3,8","770","4769","533","23","36","33520","3733","163","17055","2995","61","104%","406%","60%","4411659","4,57%","61","","2021/7/22","","","","","","129","18","43720","0,3%","3,9%","4,2%","","","","","","",""
"23/7","7295","77968","6021","1274","12","0","2115","7307","78825","335","13016","8229","4","81","274","6940","9075","3300","65541","5192","65772","81622","370","15536","0,45%","3,8","846","5337","788","21","37","37491","5516","145","19315","4480","30","106%","432%","26%","4478757","4,64%","62","","2021/7/23","","","","","","166","19","67173","0,4%","3,9%","4,3%","","","","","","",""
"24/7","9225","87193","6797","2428","31","0","2047","9256","88081","335","15063","8229","0","38","252","8935","9113","3552","74476","7209","72981","90878","370","17583","0,41%","3,8","942","6125","1039","21","35","43030","7271","145","22990","6163","32","115%","556%","28%","4535741","4,70%","62","","2021/7/24","","","","","","130","17","57908","0,4%","3,9%","4,3%","","","","","","",""
"25/7","7525","94718","6009","1516","6","0","1755","7531","95612","335","16818","8229","0","33","435","7057","9146","3987","81533","5776","78757","98409","370","19338","0,38%","3,8","1020","6359","1239","17","36","44635","8671","116","20622","7279","-19","86%","523%","-14%","4613491","4,78%","62","","2021/7/25","","","","","","130","17","77967","0,4%","4,0%","4,4%","","","","","","",""
"26/7","7859","102577","6972","887","23","154","2006","7882","103494","489","18824","8236","7","94","263","7502","9240","4250","89035","5722","84479","106291","524","21344","0,49%","5,4","1102","6886","1471","27","32","48322","10297","190","22497","8581","-19","87%","500%","-9%","4746642","4,92%","62","","2021/7/26","","","","","","126","15","109234","0,4%","4,0%","4,5%","","","","","","",""
"27/7","7911","110488","6848","1063","2","0","1602","7913","111407","489","20426","8242","6","37","217","7657","9277","4467","96692","6311","90790","114204","524","22946","0,46%","5,4","1184","7332","1643","27","38","51440","11503","190","23121","9613","-12","82%","509%","-6%","5013175","5,20%","62","","2021/7/27","","","","","","211","17","258077","0,5%","4,3%","4,7%","","","","","","",""
"28/7","6555","117043","5371","1184","7","106","4511","6562","117969","595","24937","8345","103","104","356","6095","9381","4823","102787","1945","92735","120766","630","27457","0,52%","6,5","1252","7505","2212","37","36","52645","15486","260","21903","13139","28","71%","560%","12%","5321839","5,52%","62","","2021/7/28","","","","","","211","17","307273","0,5%","4,5%","5,0%","","","","","","",""
"29/7","7593","124636","6057","1536","1","233","4323","7594","125563","828","29260","8418","73","88","289","7216","9469","5112","110003","3038","95773","128360","863","31780","0,67%","8,9","1330","7709","2623","70","38","54045","18359","493","20525","14626","330","61%","392%","202%","5529898","5,73%","62","","2021/7/29","","","","","","346","19","208041","0,6%","4,6%","5,2%","","","","","","",""
"30/7","8622","133258","6920","1702","27","298","3704","8649","134212","1126","32964","8418","0","163","413","8046","9632","5525","118049","4647","100420","137009","1161","35484","0,85%","12,0","1420","7899","2850","113","38","55387","19948","791","17896","14432","646","48%","262%","446%","5931376","6,15%","62","","2021/7/30","","","","","","411","21","407283","0,6%","4,9%","5,5%","","","","","","",""
"31/7","8620","141878","6575","2045","4","145","3250","8624","142836","1271","36214","8421","3","69","668","7883","9701","6193","125932","5229","105649","145633","1306","38734","0,90%","13,5","1509","7812","3022","134","41","54755","21151","936","11725","13880","791","27%","191%","546%","6203866","6,43%","62","","2021/7/31","","","","","","441","21","276373","0,6%","5,1%","5,8%","","","","","","",""
"1/8","8597","150475","6590","2007","23","0","4423","8620","151456","1271","40637","8421","0","94","483","8020","9795","6676","133952","4197","109846","154253","1306","43157","0,85%","13,5","1599","7965","3403","134","40","55844","23819","936","11209","15148","820","25%","175%","707%","6415219","6,65%","62","","2021/8/1","","","","","","432","18","209156","0,7%","5,3%","6,0%","","","","","","",""
"2/8","7445","157920","5101","2344","10","389","3808","7455","158911","1660","44445","8427","6","187","576","6682","9982","7252","140634","3258","113104","161708","1695","46965","1,05%","17,6","1676","7906","3660","167","38","55417","25621","1171","7095","15324","981","15%","149%","516%","6959197","7,21%","62","","2021/8/2","","","","","","436","14","538488","0,7%","5,7%","6,5%","","","","","","",""
"3/8","8377","166297","6807","1570","52","376","3866","8429","167340","2036","48311","8451","24","127","597","7653","10109","7849","148287","4187","117291","170137","2071","50831","1,22%","21,5","1763","7973","3984","221","46","55933","27885","1547","4493","16382","1357","9%","142%","714%","7291808","7,56%","62","","2021/8/3","","","","","","463","20","405884","0,8%","6,0%","6,8%","","","","","","",""
"4/8","7618","173915","5753","1865","5","256","3501","7623","174963","2292","51812","8456","5","42","639","6937","10151","8488","155224","3866","121157","177760","2327","54332","1,31%","24,1","1842","8125","3839","242","44","56994","26875","1697","4349","11389","1437","8%","74%","553%","7553318","7,83%","62","","2021/8/4","","","","","","470","21","263272","0,8%","6,2%","7,0%","","","","","","",""
"5/8","7239","181154","5677","1562","5","393","3708","7244","182207","2685","55520","8458","2","110","494","6635","10261","8982","161859","3143","124300","185004","2720","58040","1,47%","28,2","1917","8074","3751","265","44","56644","26260","1857","2599","7901","1364","5%","43%","277%","8061116","8,35%","62","","2021/8/5","","","","","","486","20","442422","0,8%","6,7%","7,5%","","","","","","",""
"6/8","8320","189474","6834","1486","4","296","4292","8324","190531","2981","59812","8458","0","153","675","7492","10414","9657","169351","3736","128036","193328","3016","62332","1,56%","31,3","2004","8031","3835","265","42","56319","26848","1855","932","6900","1064","2%","35%","135%","8528267","8,84%","62","","2021/8/6","","","","","","518","18","451256","0,9%","7,0%","7,9%","","","","","","",""
"7/8","7333","196807","6052","1281","1","0","4305","7334","197865","2981","64117","8458","0","23","69","3702","10437","9726","173053","3029","131065","200662","3016","66637","1,50%","31,3","2080","7847","3986","244","38","55029","27903","1710","274","6752","774","1%","32%","83%","8896615","8,84%","62","","2021/8/7","","","","","","512","19","356544","0,9%","7,0%","7,9%","","","","","","",""
"8/8","9684","206491","7529","2155","6","381","4860","9690","207555","3362","68977","8458","0","","","","","","","4449","135514","210352","3397","71497","1,61%","35,2","2180","8002","4049","299","42","56099","28340","2091","255","4521","1155","0%","19%","123%","9405819","","62","","2021/8/8","","","","","","501","20","514503","","","","","","","","","",""
"9/8","9323","215814","7767","1556","17","360","4423","9340","216895","3722","73400","8461","3","","","","","","","4557","140071","219692","3757","75920","1,71%","38,9","2277","8271","4136","295","39","57984","28955","2062","2567","3334","891","5%","13%","76%","9987587","","62","","2021/8/9","","","","","","509","23","599941","","","","","","","","","",""
"10/8","8385","224199","7270","1115","5","388","4428","8390","225285","4110","77828","8462","1","","","","","","","3574","143645","228082","4145","80348","1,82%","43,0","2364","8272","4217","296","39","57945","29517","2074","2012","1632","527","4%","6%","34%","11341864","","62","","2021/8/10","","","","","","491","20","1408453","","","","","","","","","",""
"11/8","8752","232951","6966","1786","14","342","4806","8766","234051","4452","82634","8514","52","","","","","","","3618","147263","236848","4487","85154","1,89%","46,5","2455","8434","4403","309","33","59088","30822","2160","2094","3947","463","4%","15%","27%","","","62","","2021/8/11","","","","","","489","21","","","","","","","","","","",""
"12/8","9653","242604","7427","2226","14","326","3991","9667","243718","4778","86625","8569","55","","","","","","","5350","152613","246515","4813","89145","1,95%","49,9","2555","8779","4444","299","42","61511","31105","2093","4867","4845","236","9%","18%","13%","","","62","","2021/8/12","","","","","","499","21","","","","","","","","","","",""
"13/8","9150","251754","7151","1999","30","275","3593","9180","252898","5053","90218","8570","1","","","","","","","5312","157925","255695","5088","92738","1,99%","52,7","2650","8897","4344","296","39","62367","30406","2072","6048","3558","217","11%","13%","12%","","","62","","2021/8/13","","","","","","511","20","","","","","","","","","","",""
"14/8","9710","261464","6200","3510","6","349","4247","9716","262614","5402","94465","8570","0","","","","","","","5120","163045","265411","5437","96985","2,05%","56,4","2751","9237","4335","346","40","64749","30348","2421","9720","2445","711","18%","9%","42%","","","62","","2021/8/14","","","","","","579","18","","","","","","","","","","",""
"15/8","9574","271038","7104","2470","6","336","5519","9580","272194","5738","99984","8570","0","","","","","","","3725","166770","274991","5773","102504","2,10%","59,8","2850","9221","4430","339","41","64639","31007","2376","8540","2667","285","15%","9%","14%","","","62","","2021/8/15","","","","","","589","18","","","","","","","","","","",""
"16/8","8644","279682","6222","2422","8","368","4473","8652","280846","6106","104457","8574","4","","","","","","","3811","170581","283643","6141","106977","2,17%","63,6","2940","9124","4437","341","43","63951","31057","2384","5967","2102","322","10%","7%","16%","","","62","","2021/8/16","","","","","","590","22","","","","","","","","","","",""
"17/8","9595","289277","5130","4465","10","331","4331","9605","290451","6437","108788","8575","1","","","","","","","4943","175524","293248","6472","111308","2,21%","67,1","3039","9297","4423","332","40","65166","30960","2327","7221","1443","253","12%","5%","12%","","","62","","2021/8/17","","","","","","600","20","","","","","","","","","","",""
"18/8","8644","297921","2709","5935","12","298","3751","8656","299107","6735","112539","8626","51","","","","","","","4607","180131","301904","6770","115059","2,24%","70,2","3129","9281","4272","326","42","65056","29905","2283","5968","-917","123","10%","-3%","6%","","","62","","2021/8/18","","","","","","654","20","","","","","","","","","","",""
"19/8","10639","308560","4232","6407","15","380","5000","10654","309761","7115","117539","8627","1","","","","","","","5274","185405","312558","7150","120059","2,29%","74,1","3239","9422","4416","334","37","66043","30914","2337","4532","-191","244","7%","-1%","12%","","","62","","2021/8/19","","","","","","660","27","","","","","","","","","","",""
"20/8","10650","319210","4518","6132","7","390","12756","10657","320418","7505","130295","8630","3","","","","","","","-2489","182916","323215","7540","132815","2,33%","78,1","3350","9637","5725","350","43","67520","40077","2452","5153","9671","380","8%","32%","18%","","","62","","2021/8/20","","","","","","666","24","","","","","","","","","","",""
"21/8","13417","332627","5989","7428","22","0","7272","13439","333857","7505","137567","8630","0","","","","","","","6167","189083","336654","7540","140087","2,24%","78,1","3489","10166","6157","300","39","71243","43102","2103","6494","12754","-318","10%","42%","-13%","","","62","","2021/8/21","","","","","","687","24","","","","","","","","","","",""
"22/8","11346","343973","4821","6525","6","737","7580","11352","345209","8242","145147","8630","0","","","","","","","3035","192118","348006","8277","147667","2,38%","85,8","3607","10419","6452","358","37","73015","45163","2504","8376","14156","128","13%","46%","5%","","","62","","2021/8/22","","","","","","687","24","","","","","","","","","","",""
"23/8","10383","354356","4362","6021","14","389","6945","10397","355606","8631","152092","8634","4","","","","","","","3063","195181","358403","8666","154612","2,42%","89,8","3715","10668","6805","361","39","74760","47635","2525","10809","16578","141","17%","53%","6%","","","62","","2021/8/23","","","","","","711","26","","","","","","","","","","",""
"24/8","10797","365153","4017","6780","14","348","7663","10811","366417","8979","159755","8635","1","","","","","","","2800","197981","369214","9014","162275","2,44%","93,4","3827","10839","7281","363","43","75966","50967","2542","10800","20007","215","17%","65%","9%","","","62","","2021/8/24","","","","","","706","27","","","","","","","","","","",""
"25/8","12093","377246","4772","7321","3","335","7646","12096","378513","9314","167401","8635","0","","","","","","","4115","202096","381310","9349","169921","2,45%","96,9","3952","11332","7837","368","36","79406","54862","2579","14350","24957","296","22%","83%","13%","","","62","","2021/8/25","","","","","","749","27","","","","","","","","","","",""
"26/8","11569","388815","5966","5603","6","318","18567","11575","390088","9632","185968","8635","0","","","","","","","-7310","194786","392885","9667","188488","2,46%","100,2","4072","11465","9776","360","43","80327","68429","2517","14284","37515","180","22%","121%","8%","","","62","","2021/8/26","","","","","","749","29","","","","","5184","3223","1082","85","765","0",""
"27/8","17409","406224","10782","6627","19","386","10126","17428","407516","10018","196094","8635","0","","","","","","","6916","201702","410313","10053","198614","2,45%","104,2","4253","12431","9400","359","42","87098","65799","2513","19578","25722","61","29%","64%","2%","","","62","","2021/8/27","","","","","","749","26","","","","","6146","3939","1222","93","866","0",""
"28/8","12097","418321","5629","6468","6","352","12375","12103","419619","10370","208469","8635","0","","","","","","","-624","201078","422416","10405","210989","2,46%","107,8","4378","12242","10129","409","39","85762","70902","2865","14519","27800","762","20%","64%","36%","","","62","","2021/8/28","","","","","","749","24","","","","","6408","4065","1310","88","921","0",""
"29/8","12752","431073","7040","5712","44","344","8813","12796","432415","10714","217282","8635","0","","","","","","","3639","204717","435212","10749","219802","2,47%","111,4","4511","12443","10305","353","39","87206","72135","2472","14191","26972","-32","19%","60%","-1%","","","62","","2021/8/29","","","","","","749","24","","","","","6309","4069","1221","118","877","0",""
"30/8","14219","445292","6715","7504","5","315","9014","14224","446639","11029","226296","8635","0","","","","","","","4895","209612","449436","11064","228816","2,46%","114,7","4658","12991","10601","343","41","91033","74204","2398","16273","26569","-127","22%","56%","-5%","","","62","","2021/8/30","","","","","","749","24","","","","","6449","4157","1247","105","916","0",""
"31/8","12591","457883","5360","7231","16","0","10044","12607","459246","11029","236340","8635","0","","","","","","","2563","212175","462043","11064","238860","2,39%","114,7","4789","13247","10941","293","42","92829","76585","2050","16863","25618","-492","22%","50%","-19%","","","62","","2021/8/31","","","","","","749","23","","","","","6295","4006","1259","91","916","0",""
"1/9","11429","469312","4670","6759","5","803","9862","11434","470680","11832","246202","8635","0","","","","","","","769","212944","473477","11867","248722","2,51%","123,0","4907","13152","11257","360","39","92167","78801","2518","12761","23939","-61","16%","44%","-2%","","","62","","2021/9/1","","","","","","749","24","","","","","6334","4032","1227","144","907","0","6161"
"2/9","13186","482498","5931","7255","11","271","10602","13197","483877","12103","256804","8635","0","","","","","","","2324","215268","486674","12138","259324","2,49%","125,8","5044","13383","10119","353","39","93789","70836","2471","13462","2407","-46","17%","4%","-2%","","","62","","2021/9/2","","","","","","749","26","","","","","6443","4145","1238","176","858","0","6341"
"3/9","14894","497392","5619","9275","28","308","11344","14922","498799","12411","268148","8635","0","","","","","","","3270","218538","501596","12446","270668","2,48%","129,0","5199","13024","10293","342","34","91283","72054","2393","4185","6255","-120","5%","10%","-5%","","","62","","2021/9/3","","","","","","749","28","","","","","6491","4122","1295","179","867","0","6390"
"4/9","9521","506913","4787","4734","0","347","11848","9521","508320","12758","279996","8635","0","","","","","","","-2674","215864","511117","12793","282516","2,50%","132,6","5297","12656","10218","341","39","88701","71527","2388","2939","625","-477","3%","1%","-17%","","","62","","2021/9/4","","","","","","749","29","","","","","6572","4204","1267","173","899","0","6413"
"5/9","13101","520014","5580","7521","36","281","9211","13137","521457","13039","289207","8635","0","","","","","","","3645","219509","524254","13074","291727","2,49%","135,5","5434","12706","10275","332","37","89042","71925","2325","1836","-210","-147","2%","0%","-6%","","","62","","2021/9/5","","","","","","749","31","","","","","6291","4015","1207","146","892","0","6411"
"6/9","12477","532491","4378","8099","4","311","9730","12481","533938","13350","298937","8635","0","","","","","","","2440","221949","536735","13385","301457","2,49%","138,7","5563","12457","10377","332","39","87299","72641","2321","-3734","-1563","-77","-4%","-2%","-3%","","","62","","2021/9/6","","","","","","749","32","","","","","6407","4128","1196","142","909","0","6405"
"7/9","14193","546684","6032","8161","15","316","10253","14208","548146","13666","309190","8635","0","","","","","","","3639","225588","550943","13701","311710","2,49%","142,0","5710","12686","10407","377","40","88900","72850","2637","-3929","-3735","587","-4%","-5%","29%","","","62","","2021/9/7","","","","","","749","35","","","","","6369","4015","1274","119","926","0","6415"
"8/9","12663","559347","4812","7851","17","424","13937","12680","560826","14090","323127","8635","0","","","","","","","-1681","223907","563623","14125","325647","2,51%","146,4","5842","12862","10989","323","39","90146","76925","2258","-2021","-1876","-260","-2%","-2%","-10%","","","62","","2021/9/8","","","","","","749","29","","","","","6479","4053","1210","257","930","0","6436"
"9/9","12401","571748","6263","6138","19","345","12523","12420","573246","14435","335650","8635","0","","","","","","","-448","223459","576043","14470","338170","2,51%","150,0","5970","12750","11264","333","36","89369","78846","2332","-4420","8010","-139","-5%","11%","-6%","","","62","","2021/9/9","","","","","","749","35","","","","","6417","4101","1192","173","916","0","6432"
"10/9","13306","585054","4626","8680","15","275","12751","13321","586567","14710","348401","8635","0","","","","","","","295","223754","589364","14745","350921","2,50%","152,8","6108","12523","11465","328","35","87768","80253","2299","-3515","8199","-94","-4%","11%","-4%","","","62","","2021/9/10","","","","","","749","29","","","","","5970","3775","1124","112","930","0","6358"
"11/9","11927","596981","6758","5169","5","273","12541","11932","598499","14983","360942","8635","0","","","","","","","-882","222872","601296","15018","363462","2,50%","155,7","6232","12867","11564","318","36","90179","80946","2225","1478","9419","-163","2%","13%","-7%","","","62","","2021/9/11","","","","","","749","29","","","","","6232","3948","1167","147","941","0","6309"
"12/9","12017","608998","5367","6650","9","261","11116","12026","610525","15244","372058","8635","0","","","","","","","649","223521","613322","15279","374578","2,49%","158,4","6357","12712","11836","315","33","89068","82851","2205","26","10926","-120","0%","15%","-5%","","","62","","2021/9/12","","","","","","749","30","","","","","6057","3835","1123","140","929","0","6276"
"13/9","11168","620166","5242","5926","4","381","11200","11172","621697","15625","383258","8635","0","","","","","","","-409","223112","624494","15660","385778","2,51%","162,3","6473","12525","12046","325","35","87759","84321","2275","460","11680","-46","1%","16%","-2%","","","62","","2021/9/13","","","","","","749","30","","","","","6035","3805","1131","141","928","0","6223"
"14/9","10496","630662","3756","6740","12","276","12683","10508","632205","15901","395941","8635","0","","","","","","","-2451","220661","635002","15936","398461","2,51%","165,2","6581","11997","12393","319","33","84059","86751","2235","-4841","13901","-402","-5%","19%","-15%","","","62","","2021/9/14","","","","","","749","34","","","","","5933","3693","1164","132","910","0","6160"
"15/9","10583","641245","4760","5823","2","250","14189","10585","642790","16151","410130","8635","0","","","","","","","-3854","216807","645587","16186","412650","2,51%","167,8","6691","11700","12429","294","34","81964","87003","2061","-8182","10078","-197","-9%","13%","-9%","","","62","","2021/9/15","","","","","","749","36","","","","","6008","3855","1113","127","877","0","6093"
"16/9","10482","651727","3945","6537","7","239","10901","10489","653279","16390","421031","8635","0","","","","","","","-651","216156","656076","16425","423551","2,50%","170,2","6800","11426","12197","279","37","80033","85381","1955","-9336","6535","-377","-10%","8%","-16%","","","62","","2021/9/16","","","","","","749","32","","","","","5750","3640","1058","135","885","0","5998"
"17/9","11506","663233","4850","6656","15","212","9914","11521","664800","16602","430945","8635","0","","","","","","","1395","217551","667597","16637","433465","2,49%","172,4","6919","11168","11792","270","34","78233","82544","1892","-9535","2291","-407","-11%","3%","-18%","","","62","","2021/9/17","","","","","","749","33","","","","","5505","3507","972","131","862","0","5931"
"18/9","9360","672593","4533","4827","13","220","14903","9373","674173","16822","445848","8635","0","","","","","","","-5750","211801","676970","16857","448368","2,49%","174,7","7016","10802","12129","263","33","75674","84906","1839","-14505","3960","-386","-16%","5%","-17%","","","62","","2021/9/18","","","","","","749","34","","","","","5447","3494","916","232","771","0","5819"
"19/9","10025","682618","4131","5894","15","233","9137","10040","684213","17055","454985","8635","0","","","","","","","670","212471","687010","17090","457505","2,49%","177,1","7120","10517","11847","259","34","73688","82927","1811","-15380","76","-394","-17%","0%","-18%","","","62","","2021/9/19","","","","","","749","32","","","","","5396","3443","931","202","788","0","5725"
"20/9","8668","691286","2514","6154","13","215","6821","8681","692894","17270","461806","8635","0","","","","","","","1645","214116","695691","17305","464326","2,49%","179,4","7210","10160","11221","235","38","71197","78548","1645","-16562","-5773","-630","-19%","-7%","-28%","","","62","","2021/9/20","","","","","","749","29","","","","","5521","3473","854","399","766","0","5651"
"21/9","11687","702973","4852","6835","5","240","11017","11692","704586","17510","472823","8635","0","","","","","","","435","214551","707383","17545","475343","2,48%","181,8","7332","10330","10983","230","34","72381","76882","1609","-11678","-9869","-626","-14%","-11%","-28%","","","62","","2021/9/21","","","","","","749","33","","","","","5133","3210","892","160","838","0","5537"
"22/9","11525","714498","5655","5870","2","236","11919","11527","716113","17746","484742","8635","0","","","","","","","-628","213923","718910","17781","487262","2,47%","184,3","7451","10465","10659","228","35","73323","74612","1595","-8641","-12391","-466","-11%","-14%","-23%","","","62","","2021/9/22","","","","","","749","32","","","","","4991","3185","837","164","773","0","5392"
"23/9","9465","723963","4121","5344","7","236","6226","9472","725585","17982","490968","8635","0","","","","","","","3010","216933","728382","18017","493488","2,47%","186,7","7549","10319","9991","227","33","72306","69937","1592","-7727","-15444","-363","-10%","-18%","-19%","","","62","","2021/9/23","","","","","","749","31","","","","","4696","2964","798","178","725","0","5241"
"24/9","8530","732493","4462","4068","7","203","12371","8537","734122","18185","503339","8635","0","","","","","","","-4037","212896","736919","18220","505859","2,47%","188,8","7638","9894","10342","226","34","69322","72394","1583","-8911","-10150","-309","-11%","-12%","-16%","","","62","","2021/9/24","","","","","","749","31","","","","","4873","2946","1016","125","755","0","5151"
"25/9","9682","742175","5305","4377","24","180","10590","9706","743828","18365","513929","8635","0","","","","","","","-1064","211832","746625","18400","516449","2,46%","190,7","7738","9940","9726","220","34","69655","68081","1543","-6019","-16825","-296","-8%","-20%","-16%","","","62","","2021/9/25","","","","","","749","32","","","","","4461","2807","753","127","742","0","5010"
"26/9","10011","752186","4698","5313","0","184","11477","10011","753839","18549","525406","8635","0","","","","","","","-1650","210182","756636","18584","527926","2,46%","192,6","7842","9938","10060","213","35","69626","70421","1494","-4062","-12506","-317","-6%","-15%","-18%","","","62","","2021/9/26","","","","","","749","32","","","","","4321","2723","728","119","719","0","4857"
"27/9","9342","761528","4889","4453","20","174","10528","9362","763201","18723","535934","8635","0","","","","","","","-1340","208842","765998","18758","538454","2,45%","194,4","7939","10035","10590","208","36","70307","74128","1453","-890","-4420","-192","-1%","-6%","-12%","","","62","","2021/9/27","","","","","","749","29","","","","","4135","2638","661","104","703","0","4659"
"28/9","8000","769528","7283","717","6","178","21487","8006","771207","18901","557421","8635","0","","","","","","","-13659","195183","774004","18936","559941","2,45%","196,3","8022","9508","12085","199","34","66621","84598","1391","-5760","7716","-218","-8%","10%","-14%","","","62","","2021/9/28","","","","","","749","28","","","","","7358","5001","1252","202","875","0","4976"
"29/9","8744","778272","3760","4984","14","162","23568","8758","779965","19063","580989","8635","0","","","","","","","-14972","180211","782762","19098","583509","2,44%","197,9","8113","9111","13750","188","33","63852","96247","1317","-9471","21635","-278","-13%","29%","-17%","","","62","","2021/9/29","","","","","","749","25","","","","","6988","4845","272","963","883","0","5262"
"30/9","7937","786209","3387","4550","3","203","25322","7940","787905","19266","606311","8635","0","","","","","","","-17585","162626","790702","19301","608831","2,44%","200,0","8195","8892","16478","183","36","62320","115343","1284","-9986","45406","-308","-14%","65%","-19%","","","62","","2021/9/30","","","","","","749","27","","","","","6815","4707","1023","218","840","0","5564"
"1/10","6941","793150","3044","3897","16","136","27250","6957","794862","19402","633561","8635","0","","","","","","","-20429","142197","797659","19437","636081","2,44%","201,5","8267","8665","18603","174","37","60740","130222","1217","-8582","57828","-366","-12%","80%","-23%","","","62","","2021/10/1","","","","","","749","25","","","","","6131","4297","902","99","808","0","5744"
"2/10","5477","798627","2473","3004","13","164","28857","5490","800352","19566","662418","8635","0","","","","","","","-23531","118666","803149","19601","664938","2,44%","203,2","8324","8065","21213","172","40","56524","148489","1201","-13131","80408","-342","-19%","118%","-22%","","","62","","2021/10/2","","","","","","749","25","","","","","6337","4277","1089","240","805","-99","6012"
"3/10","5367","803994","2693","2674","9","114","28859","5376","805728","19680","691277","8635","0","","","","","","","-23597","95069","808525","19715","693797","2,44%","204,3","8380","7401","23696","162","39","51889","165871","1131","-17737","95450","-363","-25%","136%","-24%","","","62","","2021/10/3","","","","","","749","26","","","","","6498","4318","1092","248","814","0","6323"
"4/10","5382","809376","2692","2690","1","130","27683","5383","811111","19810","718960","8635","0","","","","","","","-22430","72639","813908","19845","721480","2,44%","205,7","8436","6835","26147","155","37","47910","183026","1087","-22397","108898","-366","-32%","147%","-25%","","","62","","2021/10/4","","","","","","749","24","","","","","6144","4061","1042","163","854","0","6610"
"5/10","4360","813736","2591","1769","3","134","25573","4363","815474","19944","744533","8635","0","","","","","","","-21344","51295","818271","19979","747053","2,44%","207,1","8481","6315","26730","149","42","44267","187112","1043","-22354","102514","-348","-34%","121%","-25%","","","62","","2021/10/5","","","","","","749","22","","","","","6044","3968","975","171","908","0","6422"
"6/10","4356","818092","2133","2223","7","119","10033","4363","819837","20063","754566","8635","0","","","","","","","-5789","45506","822634","20098","757086","2,44%","208,3","8526","5689","24797","143","40","39872","173577","1000","-23980","77330","-317","-38%","80%","-24%","","","62","","2021/10/6","","","","","","749","23","","","","","5743","3897","907","169","747","0","6245"
"7/10","4147","822239","2161","1986","3","125","1402","4150","823987","20188","755968","8635","0","","","","","","","2623","48129","826784","20223","758488","2,45%","209,6","8569","5147","21380","132","43","36082","149657","922","-26238","34314","-362","-42%","30%","-28%","","","62","","2021/10/7","","","","","","749","23","","","","","5605","3769","911","157","745","0","6072"
"8/10","4773","827012","2330","2443","11","114","994","4784","828771","20302","756962","8635","0","","","","","","","3676","51805","831568","20337","759482","2,45%","210,8","8619","4837","17629","129","43","33909","123401","900","-26831","-6821","-317","-44%","-5%","-26%","","","62","","2021/10/8","","","","","","749","22","","","","","5361","3594","848","156","741","0","5962"
"9/10","4512","831524","2339","2173","1","105","1319","4513","833284","20407","758281","8635","0","","","","","","","3089","54894","836081","20442","760801","2,44%","211,9","8665","4700","13695","120","40","32932","95863","841","-23592","-52626","-360","-42%","-35%","-30%","","","62","","2021/10/9","","","","","","749","22","","","","","5014","3391","788","145","668","0","5773"
"10/10","3513","835037","2302","1211","15","113","21398","3528","836812","20520","779679","8635","0","","","","","","","-17983","36911","839609","20555","782199","2,45%","213,0","8702","4435","12629","120","41","31084","88402","840","-20805","-77469","-291","-40%","-47%","-26%","","","62","","2021/10/10","","","","","","749","22","","","","","5014","3391","788","145","668","0","5561"
"11/10","3617","838654","1891","1726","2","115","2549","3619","840431","20635","782228","8635","0","","","","","","","955","37866","843228","20670","784748","2,45%","214,2","8740","4183","9038","118","44","29320","63268","825","-18590","-119758","-262","-39%","-65%","-24%","","","62","","2021/10/11","","","","","","749","22","","","","","5014","3391","788","145","668","0","5399"
"12/10","2939","841593","1756","1183","10","93","1347","2949","843380","20728","783575","8635","0","","","","","","","1509","39375","846177","20763","786095","2,45%","215,2","8770","3980","5577","112","43","27906","39042","784","-16361","-148070","-259","-37%","-79%","-25%","","","62","","2021/10/12","","","","","","749","19","","","","","4299","2950","654","130","546","0","5150"
"13/10","3458","845051","2026","1432","3","106","1191","3461","846841","20834","784766","8635","0","","","","","","","2164","41539","849638","20869","787286","2,46%","216,3","8806","3851","4314","110","47","27004","30200","771","-12868","-143377","-229","-32%","-83%","-23%","","","62","","2021/10/13","","","","","","749","20","","","","","4120","2821","606","146","527","0","4918"
"14/10","4147","849198","2429","1718","4","81","719","4151","850992","20915","785485","8635","0","","","","","","","3351","44890","853789","20950","788005","2,45%","217,1","8849","3851","4217","104","43","27005","29517","727","-9077","-120140","-195","-25%","-80%","-21%","","","62","","2021/10/14","","","","","","749","21","","","","","4327","2636","598","484","588","0","4736"
"15/10","3789","852987","2314","1475","8","93","918","3797","854789","21008","786403","8635","0","","","","","","","2786","47676","857586","21043","788923","2,45%","218,1","8888","3711","4206","101","47","26018","29441","706","-7891","-93960","-194","-23%","-76%","-22%","","","62","","2021/10/15","","","","","","749","21","","","","","3847","2572","564","107","583","0","4519"
"16/10","3211","856198","2039","1172","10","88","1581","3221","858010","21096","787984","8635","0","","","","","","","1552","49228","860807","21131","790504","2,45%","219,0","8922","3525","4243","98","47","24726","29703","689","-8206","-66160","-152","-25%","-69%","-18%","","","62","","2021/10/16","","","","","","749","19","","","","","3528","2382","520","136","471","0","4307"
"17/10","3175","859373","1836","1339","18","63","1340","3193","861203","21159","789324","8635","0","","","","","","","1790","51018","864000","21194","791844","2,45%","219,7","8955","3477","1378","91","48","24391","9645","639","-6693","-78757","-201","-22%","-89%","-24%","","","62","","2021/10/17","","","","","","749","21","","","","","3413","2300","503","116","473","0","4078"
"18/10","3159","862532","1898","1261","9","75","1136","3168","864371","21234","790460","8635","0","","","","","","","1957","52975","867168","21269","792980","2,45%","220,4","8988","3411","1176","86","44","23940","8232","599","-5380","-55036","-226","-18%","-87%","-27%","","","62","","2021/10/18","","","","","","749","21","","","","","3543","2358","509","121","534","0","3868"
"19/10","3027","865559","1807","1220","7","75","1866","3034","867405","21309","792326","8635","0","","","","","","","1093","54068","870202","21344","794846","2,45%","221,2","9019","3424","1250","83","49","24025","8751","581","-3881","-30291","-203","-14%","-78%","-26%","","","62","","2021/10/19","","","","","","749","21","","","","","3522","2186","447","359","509","0","3757"
"20/10","3635","869194","1825","1810","11","72","1737","3646","871051","21381","794063","8635","0","","","","","","","1837","55905","873848","21416","796583","2,45%","222,0","9057","3449","1328","78","50","24210","9297","547","-2794","-20903","-224","-10%","-69%","-29%","","","62","","2021/10/20","","","","","","749","20","","","","","3879","2824","468","90","477","0","3723"
"21/10","3618","872812","1969","1649","18","71","1541","3636","874687","21452","795604","8635","0","","","","","","","2024","57929","877484","21487","798124","2,45%","222,7","9095","3373","1446","77","50","23695","10119","537","-3310","-19398","-190","-12%","-66%","-26%","","","62","","2021/10/21","","","","","","749","20","","","","","3041","2109","435","95","381","1","3539"
"22/10","3977","876789","2195","1782","8","56","5202","3985","878672","21508","800806","8635","0","","","","","","","-1273","56656","881469","21543","803326","2,44%","223,3","9136","3400","2058","71","50","23883","14403","500","-2135","-15038","-206","-8%","-51%","-29%","","","62","","2021/10/22","","","","","","749","16","","","","","3073","2131","430","113","383","0","3428"
"23/10","3361","880150","2029","1332","12","77","1338","3373","882045","21585","802144","8635","0","","","","","","","1958","58614","884842","21620","804664","2,44%","224,1","9171","3422","2023","70","47","24035","14160","489","-691","-15543","-200","-3%","-52%","-29%","","","62","","2021/10/23","","","","","","749","16","","","","","2977","2109","399","95","358","0","3350"
"24/10","4028","884178","2429","1599","17","53","1314","4045","886090","21638","803458","8635","0","","","","","","","2678","61292","888887","21673","805978","2,44%","224,6","9213","3544","2019","68","47","24887","14134","479","496","4489","-160","2%","47%","-25%","","","62","","2021/10/24","","","","","","749","19","","","","","2899","2045","405","80","350","0","3276"
"25/10","3620","887798","2047","1573","19","65","1323","3639","889729","21703","804781","8635","0","","","","","","","2251","63543","892526","21738","807301","2,44%","225,3","9251","3609","2046","67","53","25358","14321","469","1418","6089","-130","6%","74%","-22%","","","62","","2021/10/25","","","","","","749","15","","","","","3135","2347","350","96","327","0","3218"
"26/10","3592","891390","2161","1431","3","64","2989","3595","893324","21767","807770","8635","0","","","","","","","542","64085","896121","21802","810290","2,43%","226,0","9288","3690","2206","65","49","25919","15444","458","1894","6693","-123","8%","76%","-21%","","","62","","2021/10/26","","","","","","749","17","","","","","2722","1840","446","90","329","0","3104"
"27/10","4404","895794","2352","2052","7","54","2024","4411","897735","21821","809794","8635","0","","","","","","","2333","66418","900532","21856","812314","2,43%","226,5","9333","3800","2247","63","47","26684","15731","440","2474","6434","-107","10%","69%","-20%","","","62","","2021/10/27","","","","","","749","20","","","","","2718","1817","443","94","344","0","2938"
"28/10","4876","900670","2896","1980","16","54","1649","4892","902627","21875","811443","8635","0","","","","","","","3189","69607","905424","21910","813963","2,42%","227,1","9384","3980","2263","60","49","27940","15839","423","4245","5720","-114","18%","57%","-21%","","","62","","2021/10/28","","","","","","749","20","","","","","2687","1803","446","99","319","0","2887"
"29/10","4889","905559","2584","2305","10","56","2169","4899","907526","21931","813612","8635","0","","","","","","","2674","72281","910323","21966","816132","2,41%","227,7","9435","4110","1829","60","50","28854","12806","423","4971","-1597","-77","21%","-11%","-15%","","","62","","2021/10/29","","","","","","749","19","","","","","2990","1969","587","103","312","0","2875"
"30/10","5224","910783","2931","2293","3","64","2204","5227","912753","21995","815816","8635","0","","","","","","","2959","75240","915550","22030","818336","2,41%","228,3","9489","4376","1953","59","50","30708","13672","410","6673","-488","-79","28%","-3%","-16%","","","62","","2021/10/30","","","","","","749","15","","","","","2831","1965","454","107","290","0","2855"
"31/10","5504","916287","3177","2327","15","53","1998","5519","918272","22048","817814","8635","0","","","","","","","3468","78708","921069","22083","820334","2,40%","228,9","9546","4587","2051","59","46","32182","14356","410","7295","222","-69","29%","2%","-14%","","","62","","2021/10/31","","","","","","749","14","","","","","2840","1947","477","114","288","0","2846"
"1/11","5595","921882","3274","2321","3","48","1731","5598","923870","22096","819545","8635","0","","","","","","","3819","82527","926667","22131","822065","2,39%","229,4","9604","4869","2109","56","49","34141","14764","393","8783","443","-76","35%","3%","-16%","","","62","","2021/11/1","","","","","","749","14","","","","","2962","2067","479","109","293","0","2821"
"2/11","5613","927495","3355","2258","24","74","2741","5637","929507","22170","822286","8635","0","","","","","","","2822","85349","932304","22205","824806","2,38%","230,1","9663","5158","2074","58","53","36183","14516","403","10264","-928","-55","40%","-6%","-12%","","","62","","2021/11/2","","","","","","749","13","","","","","2950","2022","501","111","303","0","2854"
"3/11","6175","933670","3409","2766","17","78","8869","6192","935699","22248","831155","8635","0","","","","","","","-2755","82594","938496","22283","833675","2,37%","231,0","9727","5411","3052","61","58","37964","21361","427","11280","5630","-13","42%","36%","-3%","","","62","","2021/11/3","","","","","","749","13","","","","","3052","2090","547","114","288","0","2902"
"4/11","6576","940246","3687","2889","4","59","1731","6580","942279","22307","832886","8635","0","","","","","","","4790","87384","945076","22342","835406","2,36%","231,6","9795","5654","3063","62","49","39652","21443","432","11712","5604","9","42%","35%","2%","","","62","","2021/11/4","","","","","","749","20","","","","","3093","2129","527","120","297","0","2960"
"5/11","7487","947733","4280","3207","17","70","1941","7504","949783","22377","834827","8635","0","","","","","","","5493","92877","952580","22412","837347","2,35%","232,3","9873","6025","3031","64","60","42257","21215","446","13403","8409","23","46%","66%","5%","","","63","","2021/11/5","","","","","","749","16","","","","","3093","2193","480","112","292","0","2974"
"6/11","7480","955213","4372","3108","11","58","1754","7491","957274","22435","836581","8635","0","","","","","","","5679","98556","960071","22470","839101","2,34%","232,9","9951","6347","2966","63","55","44521","20765","440","13813","7093","30","45%","52%","7%","","","63","","2021/11/6","","","","","","749","13","","","","","3235","2283","522","117","300","0","3032"
"7/11","7631","962844","4299","3332","15","61","1301","7646","964920","22496","837882","8635","0","","","","","","","6284","104840","967717","22531","840402","2,33%","233,5","10030","6651","2867","64","56","46648","20068","448","14466","5712","38","45%","40%","9%","","","63","","2021/11/7","","","","","","749","13","","","","","3280","2322","521","116","308","0","3095"
"8/11","7954","970798","5717","2237","34","67","1073","7988","972908","22563","838955","8635","0","","","","","","","6848","111688","975705","22598","841475","2,32%","234,2","10113","6988","2773","67","55","49038","19410","467","14897","4646","74","44%","31%","19%","","","63","","2021/11/8","","","","","","749","13","","","","","3390","2379","573","119","306","0","3156"
"9/11","8129","978927","4177","3952","4","88","1325","8133","981041","22651","840280","8635","0","","","","","","","6720","118408","983838","22686","842800","2,31%","235,1","10197","7347","2571","69","55","51534","17994","481","15351","3478","78","42%","24%","19%","","","63","","2021/11/9","","","","","","749","13","","","","","3350","2355","553","105","324","0","3213"
"10/11","7918","986845","3919","3999","12","79","1254","7930","988971","22730","841534","8635","0","","","","","","","6597","125005","991768","22765","844054","2,30%","235,9","10279","7596","1483","69","59","53272","10379","482","15308","-10982","55","40%","-51%","13%","","","63","","2021/11/10","","","","","","749","13","","","","","3620","2617","588","91","311","0","3294"
"11/11","8145","994990","4194","3951","17","84","1894","8162","997133","22814","843428","8635","0","","","","","","","6184","131189","999930","22849","845948","2,29%","236,8","10364","7821","1506","72","56","54854","10542","507","15202","-10901","75","38%","-51%","17%","","","63","","2021/11/11","","","","","","749","13","","","","","3567","2539","617","97","301","0","3362"
"12/11","8976","1003966","4796","4180","6","81","10263","8982","1006115","22895","853691","8635","0","","","","","","","-1362","129827","1008912","22930","856211","2,27%","237,7","10457","8033","2695","74","56","56332","18864","518","14075","-2351","72","33%","-11%","16%","","","63","","2021/11/12","","","","","","749","14","","","","","3515","2410","674","106","311","0","3422"
"13/11","8451","1012417","4511","3940","16","88","1843","8467","1014582","22983","855534","8635","0","","","","","","","6536","136363","1017379","23018","858054","2,26%","238,6","10545","8172","2708","78","57","57308","18953","548","12787","-1812","108","29%","-9%","25%","","","63","","2021/11/13","","","","","","749","15","","","","","3824","2671","711","108","319","0","3507"
"14/11","8163","1020580","4458","3705","13","64","5257","8176","1022758","23047","860791","8635","0","","","","","","","2855","139218","1025555","23082","863311","2,25%","239,2","10629","8248","3273","79","52","57838","22909","551","11190","2841","103","24%","14%","23%","","","63","","2021/11/14","","","","","","749","13","","","","","3947","2765","726","110","333","0","3602"
"15/11","8603","1029183","4653","3950","13","101","1205","8616","1031374","23148","861996","8635","0","","","","","","","7310","146528","1034171","23183","864516","2,24%","240,3","10719","8341","3292","84","57","58466","23041","585","9428","3631","118","19%","19%","25%","","","63","","2021/11/15","","","","","","749","13","","","","","3950","2718","739","112","368","0","3682"
"16/11","10250","1039433","5881","4369","9","87","6481","10259","1041633","23235","868477","8635","0","","","","","","","3691","150219","1044430","23270","870997","2,23%","241,2","10825","8644","4028","83","59","60592","28197","584","9058","10203","103","18%","57%","21%","","","63","","2021/11/16","","","","","","749","11","","","","","4101","2813","796","115","366","0","3789"
"17/11","9839","1049272","4883","4956","10","67","3873","9849","1051482","23302","872350","8635","0","","","","","","","5909","156128","1054279","23337","874870","2,21%","241,9","10927","8918","4402","82","56","62511","30816","572","9239","20437","90","17%","197%","19%","","","63","","2021/11/17","","","","","","749","11","","","","","4338","2960","847","126","394","0","3892"
"18/11","10209","1059481","4755","5454","14","139","6723","10223","1061705","23441","879073","8635","0","","","","","","","3361","159489","1064502","23476","881593","2,21%","243,3","11033","9213","5092","90","60","64572","35645","627","9718","25103","120","18%","238%","24%","","","63","","2021/11/18","","","","","","749","14","","","","","4489","3061","880","124","410","0","4023"
"19/11","9617","1069098","4622","4995","8","102","1971","9625","1071330","23543","881044","8635","0","","","","","","","7552","167041","1074127","23578","883564","2,20%","244,4","11133","9305","3908","93","57","65215","27353","648","8883","8489","130","16%","45%","25%","","","63","","2021/11/19","","","","","","749","9","","","","","4596","3116","930","115","426","0","4178"
"20/11","9518","1078616","4742","4776","13","107","16773","9531","1080861","23650","897817","8635","0","","","","","","","-7349","159692","1083658","23685","900337","2,19%","245,5","11231","9457","6040","95","60","66279","42283","667","8971","23330","119","16%","123%","22%","","","63","","2021/11/20","","","","","","749","9","","","","","4630","3086","960","124","451","0","4293"
"21/11","9882","1088498","4521","5361","7","76","5163","9889","1090750","23726","902980","8635","0","","","","","","","4650","164342","1093547","23761","905500","2,17%","246,3","11334","9703","6027","97","57","67992","42189","679","10154","19280","128","18%","84%","23%","","","63","","2021/11/21","","","","","","749","8","","","","","4971","3399","978","128","458","0","4439"
"22/11","10299","1098797","4652","5647","22","190","4776","10321","1101071","23916","907756","8635","0","","","","","","","5355","169697","1103868","23951","910276","2,17%","248,2","11441","9945","6537","110","58","69697","45760","768","11231","22719","183","19%","99%","31%","","","63","","2021/11/22","","","","","","749","8","","","","","4992","3408","1007","129","440","0","4588"
"23/11","39126","1137923","33116","6010","6","167","1034","39132","1140203","24083","908790","8635","0","","","","","","","37931","207628","1143000","24118","911310","2,11%","250,0","11847","14070","5759","121","61","98570","40313","848","37978","12116","264","63%","43%","45%","","","63","","2021/11/23","","","","","","749","9","","","","","5295","3647","1020","163","456","0","4759"
"24/11","11789","1149712","5211","6578","22","125","25951","11811","1152014","24208","934741","8635","0","","","","","","","-14265","193363","1154811","24243","937261","2,10%","251,3","11969","14349","8913","129","59","100532","62391","906","38021","31575","334","61%","102%","58%","","","63","","2021/11/24","","","","","","749","10","","","","","5533","3805","1045","162","511","0","4929"
"25/11","12429","1162141","5587","6842","21","164","5627","12450","1164464","24372","940368","8635","0","","","","","","","6659","200022","1167261","24407","942888","2,09%","253,0","12098","14666","8756","133","59","102759","61295","931","38187","25650","304","59%","72%","48%","","","63","","2021/11/25","","","","","","749","26","","","","","5475","3563","1161","205","520","0","5070"
"26/11","13094","1175235","5806","7288","15","137","12368","13109","1177573","24509","952736","8635","0","","","","","","","604","200626","1180370","24544","955256","2,08%","254,4","12234","15162","10242","138","60","106243","71692","966","41028","44339","318","63%","162%","49%","","","63","","2021/11/26","","","","","","749","10","","","","","5456","3624","1148","145","529","0","5193"
"27/11","16052","1191287","8892","7160","15","148","1668","16067","1193640","24657","954404","8635","0","","","","","","","14251","214877","1196437","24692","956924","2,06%","255,9","12400","16096","8084","144","60","112779","56587","1007","46500","14304","340","70%","34%","51%","","","63","","2021/11/27","","","","","","749","10","","","","","5383","3458","1222","109","584","0","5301"
"28/11","12928","1204215","5828","7100","8","190","1712","12936","1206576","24847","956116","8635","0","","","","","","","11034","225911","1209373","24882","958636","2,06%","257,9","12534","16531","7591","160","57","115826","53136","1121","47834","10947","442","70%","26%","65%","","","63","","2021/11/28","","","","","","749","9","","","","","6096","3483","1846","174","584","0","5461"
"29/11","13758","1217973","6157","7601","12","173","16088","13770","1220346","25020","972204","8635","0","","","","","","","-2491","223420","1223143","25055","974724","2,05%","259,7","12677","17025","9207","158","59","119275","64448","1104","49578","18688","336","71%","41%","44%","","","63","","2021/11/29","","","","","","749","12","","","","","6413","4284","1254","186","610","67","5664"
"30/11","13966","1231939","6417","7549","6","197","14624","13972","1234318","25217","986828","8635","0","","","","","","","-849","222571","1237115","25252","989348","2,04%","261,7","12822","13431","11148","162","62","94115","78038","1134","-4455","37725","286","-5%","94%","34%","","","63","","2021/11/30","","","","","","749","15","","","","","5788","3743","1272","156","602","0","5735"
"1/12","14506","1246445","6425","8081","2","196","2704","14508","1248826","25413","989532","8635","0","","","","","","","11608","234179","1251623","25448","992052","2,03%","263,8","12972","13819","7827","172","60","96812","54791","1205","-3720","-7600","299","-4%","-12%","33%","","","63","","2021/12/1","","","","","","749","14","","","","","6497","4239","1393","177","674","0","5873"
"2/12","13677","1260122","6139","7538","21","210","13258","13698","1262524","25623","1002790","8635","0","","","","","","","230","234409","1265321","25658","1005310","2,03%","265,9","13114","13997","8917","179","60","98060","62422","1251","-4699","1127","320","-5%","2%","34%","","","63","","2021/12/2","","","","","","749","15","","","","","6600","4387","1359","162","677","0","6033"
"3/12","14483","1274605","5855","8628","9","200","1149","14492","1277016","25823","1003939","8635","0","","","","","","","13143","247552","1279813","25858","1006459","2,02%","268,0","13265","14196","7315","188","59","99443","51203","1314","-6800","-20489","348","-6%","-29%","36%","","","63","","2021/12/3","","","","","","749","14","","","","","6449","4219","1366","189","661","0","6175"
"4/12","13993","1288598","5591","8402","5","203","1107","13998","1291014","26026","1005046","8635","0","","","","","","","12688","260240","1293811","26061","1007566","2,01%","270,1","13410","13902","7235","196","57","97374","50642","1369","-15405","-5945","362","-14%","-11%","36%","","","63","","2021/12/4","","","","","","749","14","","","","","6788","4547","1377","185","665","0","6376"
"5/12","14312","1302910","6170","8142","2","199","1711","14314","1305328","26225","1006757","8635","0","","","","","","","12404","272644","1308125","26260","1009277","2,01%","272,2","13558","14099","7234","197","61","98752","50641","1378","-17074","-2495","257","-15%","-5%","23%","","","63","","2021/12/5","","","","","","749","15","","","","","6854","4618","1376","162","683","0","6484"
"6/12","14558","1317468","6331","8227","33","223","1130","14591","1319919","26448","1007887","8635","0","","","","","","","13238","285882","1322716","26483","1010407","2,00%","274,5","13709","14214","5098","204","59","99573","35683","1428","-19702","-28765","324","-17%","-45%","29%","","","63","","2021/12/6","","","","","","749","20","","","","","7006","4638","1445","162","741","","6569"
"7/12","0","1317468","0","0","0","0","0","0","1319919","26448","1007887","8635","0","","","","","","","0","285882","1322716","26483","1010407","2,00%","274,5","13709","12218","3008","176","0","85601","21059","1231","-8514","-56979","97","-9%","-73%","9%","","","63","","2021/12/7","","","","","","749","20","","","","","","","","","","",""
"8/12","","","","","","","","","","","","","","","","","","","","","","","","","","","","","","","","","","","","","","","","","","","","","2021/12/8","","","","","","","","","","","","","","","","","",""
"9/12","","","","","","","","","","","","","","","","","","","","","","","","","","","","","","","","","","","","","","","","","","","","","2021/12/9","","","","","","","","","","","","","","","","","",""
"10/12","","","","","","","","","","","","","","","","","","","","","","","","","","","","","","","","","","","","","","","","","","","","","2021/12/10","","","","","","","","","","","","","","","","","",""
"11/12","","","","","","","","","","","","","","","","","","","","","","","","","","","","","","","","","","","","","","","","","","","","","2021/12/11","","","","","","","","","","","","","","","","","",""
"12/12","","","","","","","","","","","","","","","","","","","","","","","","","","","","","","","","","","","","","","","","","","","","","2021/12/12","","","","","","","","","","","","","","","","","",""
"13/12","","","","","","","","","","","","","","","","","","","","","","","","","","","","","","","","","","","","","","","","","","","","","2021/12/13","","","","","","","","","","","","","","","","","",""
"14/12","","","","","","","","","","","","","","","","","","","","","","","","","","","","","","","","","","","","","","","","","","","","","2021/12/14","","","","","","","","","","","","","","","","","",""
"15/12","","","","","","","","","","","","","","","","","","","","","","","","","","","","","","","","","","","","","","","","","","","","","2021/12/15","","","","","","","","","","","","","","","","","",""
"16/12","","","","","","","","","","","","","","","","","","","","","","","","","","","","","","","","","","","","","","","","","","","","","2021/12/16","","","","","","","","","","","","","","","","","",""
"17/12","","","","","","","","","","","","","","","","","","","","","","","","","","","","","","","","","","","","","","","","","","","","","2021/12/17","","","","","","","","","","","","","","","","","",""
"18/12","","","","","","","","","","","","","","","","","","","","","","","","","","","","","","","","","","","","","","","","","","","","","2021/12/18","","","","","","","","","","","","","","","","","",""
"19/12","","","","","","","","","","","","","","","","","","","","","","","","","","","","","","","","","","","","","","","","","","","","","2021/12/19","","","","","","","","","","","","","","","","","",""
"20/12","","","","","","","","","","","","","","","","","","","","","","","","","","","","","","","","","","","","","","","","","","","","","2021/12/20","","","","","","","","","","","","","","","","","",""
"21/12","","","","","","","","","","","","","","","","","","","","","","","","","","","","","","","","","","","","","","","","","","","","","2021/12/21","","","","","","","","","","","","","","","","","",""
"22/12","","","","","","","","","","","","","","","","","","","","","","","","","","","","","","","","","","","","","","","","","","","","","2021/12/22","","","","","","","","","","","","","","","","","",""
"23/12","","","","","","","","","","","","","","","","","","","","","","","","","","","","","","","","","","","","","","","","","","","","","2021/12/23","","","","","","","","","","","","","","","","","",""
"24/12","","","","","","","","","","","","","","","","","","","","","","","","","","","","","","","","","","","","","","","","","","","","","2021/12/24","","","","","","","","","","","","","","","","","",""
"25/12","","","","","","","","","","","","","","","","","","","","","","","","","","","","","","","","","","","","","","","","","","","","","2021/12/25","","","","","","","","","","","","","","","","","",""
"26/12","","","","","","","","","","","","","","","","","","","","","","","","","","","","","","","","","","","","","","","","","","","","","2021/12/26","","","","","","","","","","","","","","","","","",""
"27/12","","","","","","","","","","","","","","","","","","","","","","","","","","","","","","","","","","","","","","","","","","","","","2021/12/27","","","","","","","","","","","","","","","","","",""
"28/12","","","","","","","","","","","","","","","","","","","","","","","","","","","","","","","","","","","","","","","","","","","","","2021/12/28","","","","","","","","","","","","","","","","","",""
"29/12","","","","","","","","","","","","","","","","","","","","","","","","","","","","","","","","","","","","","","","","","","","","","2021/12/29","","","","","","","","","","","","","","","","","",""
"30/12","","","","","","","","","","","","","","","","","","","","","","","","","","","","","","","","","","","","","","","","","","","","","2021/12/30","","","","","","","","","","","","","","","","","",""
"31/12","","","","","","","","","","","","","","","","","","","","","","","","","","","","","","","","","","","","","","","","","","","","","2021/12/31","","","","","","","","","","","","","","","","","",""
